Bill Number,Mobile,Price,Time
"INV-798948","0771234567","2100.00000000000000","2026-07-25 19:30:42"
"INV-390461","0771234567","1000.00000000000000","2026-07-24 18:09:42"
"INV-533983","0771234567","1000.00000000000000","2026-07-24 12:53:26"
"INV-295966","0771234567","1000.00000000000000","2026-07-24 12:47:54"
"INV-259972","0771234567","1000.00000000000000","2026-07-24 12:43:27"
"INV-561640","0771234567","1000.00000000000000","2026-07-24 12:40:01"
"INV-826968","0771234567","1000.00000000000000","2026-07-24 12:31:02"
"INV-998230","0771234567","1000.00000000000000","2026-07-24 12:24:53"
"INV-353440","0771234567","1000.00000000000000","2026-07-24 12:16:45"
"INV-525456","0771234567","1000.00000000000000","2026-07-24 12:15:50"
"INV-945072","0771234567","1000.00000000000000","2026-07-24 12:06:02"
"INV-193487","0771234567","2200.00000000000000","2026-07-24 11:54:31"
"INV-785179","0771234567","12100.00000000000000","2026-07-24 11:38:30"